<?xml version="1.0" encoding="UTF-8"?><InteractionHistory Id="local-2" Version="1"><InteractionEvent Delta="null" EndDate="2019-10-28 12:59:12.517 CDT" Interest="1.0" Kind="selection" Navigation="null" OriginId="org.eclipse.ui.navigator.ProjectExplorer" StartDate="2019-10-28 12:59:12.517 CDT" StructureHandle="=CaseStudyClasses/src\/main\/java&amp;lt;DAOs{UserDAO.java" StructureKind="java"/><InteractionEvent Delta="null" EndDate="2019-10-28 12:59:13.769 CDT" Interest="2.017" Kind="propagation" Navigation="org.eclipse.mylyn.core.model.edges.containment" OriginId="org.eclipse.mylyn.core.model.interest.propagation" StartDate="2019-10-28 12:59:12.519 CDT" StructureHandle="=CaseStudyClasses" StructureKind="resource" NumEvents="3" CreationCount="1"/><InteractionEvent Delta="null" EndDate="2019-10-28 12:59:12.520 CDT" Interest="1.0" Kind="propagation" Navigation="org.eclipse.mylyn.core.model.edges.containment" OriginId="org.eclipse.mylyn.core.model.interest.propagation" StartDate="2019-10-28 12:59:12.520 CDT" StructureHandle="=CaseStudyClasses/src\/main\/java&amp;lt;DAOs" StructureKind="java"/><InteractionEvent Delta="null" EndDate="2019-10-28 12:59:12.519 CDT" Interest="1.0" Kind="propagation" Navigation="org.eclipse.mylyn.core.model.edges.containment" OriginId="org.eclipse.mylyn.core.model.interest.propagation" StartDate="2019-10-28 12:59:12.519 CDT" StructureHandle="/CaseStudyClasses/src/main/java/DAOs" StructureKind="resource"/><InteractionEvent Delta="null" EndDate="2019-10-28 12:59:13.769 CDT" Interest="2.017" Kind="propagation" Navigation="org.eclipse.mylyn.core.model.edges.containment" OriginId="org.eclipse.mylyn.core.model.interest.propagation" StartDate="2019-10-28 12:59:12.519 CDT" StructureHandle="/CaseStudyClasses/src/main" StructureKind="resource" NumEvents="3" CreationCount="1"/><InteractionEvent Delta="null" EndDate="2019-10-28 12:59:13.769 CDT" Interest="2.017" Kind="propagation" Navigation="org.eclipse.mylyn.core.model.edges.containment" OriginId="org.eclipse.mylyn.core.model.interest.propagation" StartDate="2019-10-28 12:59:12.519 CDT" StructureHandle="/" StructureKind="resource" NumEvents="3" CreationCount="1"/><InteractionEvent Delta="null" EndDate="2019-10-28 12:59:13.769 CDT" Interest="2.017" Kind="propagation" Navigation="org.eclipse.mylyn.core.model.edges.containment" OriginId="org.eclipse.mylyn.core.model.interest.propagation" StartDate="2019-10-28 12:59:12.519 CDT" StructureHandle="/CaseStudyClasses/src/main/java" StructureKind="resource" NumEvents="3" CreationCount="1"/><InteractionEvent Delta="null" EndDate="2019-10-28 12:59:13.769 CDT" Interest="2.017" Kind="propagation" Navigation="org.eclipse.mylyn.core.model.edges.containment" OriginId="org.eclipse.mylyn.core.model.interest.propagation" StartDate="2019-10-28 12:59:12.519 CDT" StructureHandle="/CaseStudyClasses/src" StructureKind="resource" NumEvents="3" CreationCount="1"/><InteractionEvent Delta="null" EndDate="2019-10-28 12:59:13.770 CDT" Interest="2.017" Kind="propagation" Navigation="org.eclipse.mylyn.core.model.edges.containment" OriginId="org.eclipse.mylyn.core.model.interest.propagation" StartDate="2019-10-28 12:59:12.521 CDT" StructureHandle="=CaseStudyClasses/src\/main\/java" StructureKind="java" NumEvents="3" CreationCount="1"/><InteractionEvent Delta="null" EndDate="2019-10-28 12:59:13.769 CDT" Interest="2.0" Kind="propagation" Navigation="null" OriginId="org.eclipse.jdt.ui.CompilationUnitEditor" StartDate="2019-10-28 12:59:13.631 CDT" StructureHandle="/CaseStudyClasses/src/main/java/classes/User.java" StructureKind="resource" NumEvents="2" CreationCount="2"/><InteractionEvent Delta="null" EndDate="2019-10-28 12:59:13.769 CDT" Interest="2.0" Kind="propagation" Navigation="org.eclipse.mylyn.core.model.edges.containment" OriginId="org.eclipse.mylyn.core.model.interest.propagation" StartDate="2019-10-28 12:59:13.631 CDT" StructureHandle="/CaseStudyClasses/src/main/java/classes" StructureKind="resource" NumEvents="2" CreationCount="2"/><InteractionEvent Delta="null" EndDate="2019-10-28 12:59:13.769 CDT" Interest="2.0" Kind="propagation" Navigation="org.eclipse.mylyn.core.model.edges.containment" OriginId="org.eclipse.mylyn.core.model.interest.propagation" StartDate="2019-10-28 12:59:13.632 CDT" StructureHandle="=CaseStudyClasses/src\/main\/java&amp;lt;classes" StructureKind="java" NumEvents="2" CreationCount="2"/><InteractionEvent Delta="null" EndDate="2019-10-28 12:59:12.518 CDT" Interest="1.0" Kind="propagation" Navigation="null" OriginId="org.eclipse.ui.navigator.ProjectExplorer" StartDate="2019-10-28 12:59:12.518 CDT" StructureHandle="/CaseStudyClasses/src/main/java/DAOs/UserDAO.java" StructureKind="resource"/><InteractionEvent Delta="null" EndDate="2019-10-28 12:59:13.768 CDT" Interest="2.0" Kind="selection" Navigation="null" OriginId="org.eclipse.jdt.ui.CompilationUnitEditor" StartDate="2019-10-28 12:59:13.631 CDT" StructureHandle="=CaseStudyClasses/src\/main\/java&amp;lt;classes{User.java" StructureKind="java" NumEvents="2" CreationCount="2"/></InteractionHistory>