<?xml version="1.0" encoding="UTF-8"?><InteractionHistory Id="local-3" Version="1"><InteractionEvent Delta="null" EndDate="2019-11-22 21:57:59.265 CST" Interest="2.0" Kind="selection" Navigation="null" OriginId="org.eclipse.ui.navigator.ProjectExplorer" StartDate="2019-11-22 21:57:56.296 CST" StructureHandle="=StatsApp/src\/main\/java&amp;lt;mears.trace.stats_application.controllers{UserController.java" StructureKind="java" NumEvents="2" CreationCount="3"/><InteractionEvent Delta="null" EndDate="2019-11-22 21:58:06.623 CST" Interest="2.068" Kind="propagation" Navigation="org.eclipse.mylyn.core.model.edges.containment" OriginId="org.eclipse.mylyn.core.model.interest.propagation" StartDate="2019-11-22 21:57:54.589 CST" StructureHandle="=StatsApp/src\/main\/java" StructureKind="java" NumEvents="4" CreationCount="1"/><InteractionEvent Delta="null" EndDate="2019-11-22 21:57:59.265 CST" Interest="2.0" Kind="propagation" Navigation="null" OriginId="org.eclipse.ui.navigator.ProjectExplorer" StartDate="2019-11-22 21:57:56.296 CST" StructureHandle="/StatsApp/src/main/java/mears/trace/stats_application/controllers/UserController.java" StructureKind="resource" NumEvents="2" CreationCount="3"/><InteractionEvent Delta="null" EndDate="2019-11-22 21:57:59.266 CST" Interest="4.0" Kind="propagation" Navigation="org.eclipse.mylyn.core.model.edges.containment" OriginId="org.eclipse.mylyn.core.model.interest.propagation" StartDate="2019-11-22 21:57:54.585 CST" StructureHandle="/StatsApp/src/main/java/mears/trace" StructureKind="resource" NumEvents="4" CreationCount="1"/><InteractionEvent Delta="null" EndDate="2019-11-22 21:57:59.266 CST" Interest="2.034" Kind="propagation" Navigation="org.eclipse.mylyn.core.model.edges.containment" OriginId="org.eclipse.mylyn.core.model.interest.propagation" StartDate="2019-11-22 21:57:54.588 CST" StructureHandle="=StatsApp/src\/main\/java&amp;lt;mears.trace.stats_application.controllers" StructureKind="java" NumEvents="3" CreationCount="1"/><InteractionEvent Delta="null" EndDate="2019-11-22 21:58:07.868 CST" Interest="7.0" Kind="propagation" Navigation="null" OriginId="org.eclipse.jdt.ui.CompilationUnitEditor" StartDate="2019-11-22 21:57:54.586 CST" StructureHandle="/StatsApp/src/main/java" StructureKind="resource" NumEvents="7" CreationCount="1"/><InteractionEvent Delta="null" EndDate="2019-11-22 21:57:59.266 CST" Interest="4.0" Kind="propagation" Navigation="null" OriginId="org.eclipse.ui.navigator.ProjectExplorer" StartDate="2019-11-22 21:57:54.585 CST" StructureHandle="/StatsApp/src/main/java/mears/trace/stats_application/controllers" StructureKind="resource" NumEvents="4" CreationCount="1"/><InteractionEvent Delta="null" EndDate="2019-11-22 21:58:07.868 CST" Interest="7.0" Kind="propagation" Navigation="org.eclipse.mylyn.core.model.edges.containment" OriginId="org.eclipse.mylyn.core.model.interest.propagation" StartDate="2019-11-22 21:57:54.587 CST" StructureHandle="/" StructureKind="resource" NumEvents="7" CreationCount="1"/><InteractionEvent Delta="null" EndDate="2019-11-22 21:58:07.867 CST" Interest="3.0" Kind="propagation" Navigation="null" OriginId="org.eclipse.jdt.ui.CompilationUnitEditor" StartDate="2019-11-22 21:58:06.191 CST" StructureHandle="/StatsApp/src/main/java/mears/trace/stats_application/repositories/impl" StructureKind="resource" NumEvents="3" CreationCount="5"/><InteractionEvent Delta="null" EndDate="2019-11-22 21:57:59.266 CST" Interest="4.0" Kind="propagation" Navigation="org.eclipse.mylyn.core.model.edges.containment" OriginId="org.eclipse.mylyn.core.model.interest.propagation" StartDate="2019-11-22 21:57:54.585 CST" StructureHandle="/StatsApp/src/main/java/mears/trace/stats_application" StructureKind="resource" NumEvents="4" CreationCount="1"/><InteractionEvent Delta="null" EndDate="2019-11-22 21:58:06.623 CST" Interest="2.0" Kind="propagation" Navigation="org.eclipse.mylyn.core.model.edges.containment" OriginId="org.eclipse.mylyn.core.model.interest.propagation" StartDate="2019-11-22 21:58:06.191 CST" StructureHandle="=StatsApp/src\/main\/java&amp;lt;mears.trace.stats_application.repositories.impl" StructureKind="java" NumEvents="2" CreationCount="5"/><InteractionEvent Delta="null" EndDate="2019-11-22 21:58:07.868 CST" Interest="7.0" Kind="propagation" Navigation="org.eclipse.mylyn.core.model.edges.containment" OriginId="org.eclipse.mylyn.core.model.interest.propagation" StartDate="2019-11-22 21:57:54.586 CST" StructureHandle="/StatsApp/src/main" StructureKind="resource" NumEvents="7" CreationCount="1"/><InteractionEvent Delta="null" EndDate="2019-11-22 21:58:07.867 CST" Interest="3.0" Kind="propagation" Navigation="org.eclipse.mylyn.core.model.edges.containment" OriginId="org.eclipse.mylyn.core.model.interest.propagation" StartDate="2019-11-22 21:58:06.191 CST" StructureHandle="/StatsApp/src/main/java/mears/trace/stats_application/repositories" StructureKind="resource" NumEvents="3" CreationCount="5"/><InteractionEvent Delta="null" EndDate="2019-11-22 21:57:54.940 CST" Interest="2.0" Kind="selection" Navigation="null" OriginId="org.eclipse.jdt.ui.CompilationUnitEditor" StartDate="2019-11-22 21:57:54.584 CST" StructureHandle="=StatsApp/src\/main\/java&amp;lt;mears.trace.stats_application.controllers{TableController.java" StructureKind="java" NumEvents="2" CreationCount="1"/><InteractionEvent Delta="null" EndDate="2019-11-22 21:57:54.940 CST" Interest="2.0" Kind="propagation" Navigation="null" OriginId="org.eclipse.jdt.ui.CompilationUnitEditor" StartDate="2019-11-22 21:57:54.585 CST" StructureHandle="/StatsApp/src/main/java/mears/trace/stats_application/controllers/TableController.java" StructureKind="resource" NumEvents="2" CreationCount="1"/><InteractionEvent Delta="null" EndDate="2019-11-22 21:58:06.622 CST" Interest="2.0" Kind="selection" Navigation="null" OriginId="org.eclipse.jdt.ui.CompilationUnitEditor" StartDate="2019-11-22 21:58:06.191 CST" StructureHandle="=StatsApp/src\/main\/java&amp;lt;mears.trace.stats_application.repositories.impl{MariaDBUserRepository.java" StructureKind="java" NumEvents="2" CreationCount="5"/><InteractionEvent Delta="null" EndDate="2019-11-22 21:58:07.868 CST" Interest="7.0" Kind="propagation" Navigation="org.eclipse.mylyn.core.model.edges.containment" OriginId="org.eclipse.mylyn.core.model.interest.propagation" StartDate="2019-11-22 21:57:54.586 CST" StructureHandle="/StatsApp/src" StructureKind="resource" NumEvents="7" CreationCount="1"/><InteractionEvent Delta="null" EndDate="2019-11-22 21:58:06.622 CST" Interest="2.0" Kind="propagation" Navigation="null" OriginId="org.eclipse.jdt.ui.CompilationUnitEditor" StartDate="2019-11-22 21:58:06.191 CST" StructureHandle="/StatsApp/src/main/java/mears/trace/stats_application/repositories/impl/MariaDBUserRepository.java" StructureKind="resource" NumEvents="2" CreationCount="5"/><InteractionEvent Delta="null" EndDate="2019-11-22 21:58:07.867 CST" Interest="1.0" Kind="propagation" Navigation="null" OriginId="org.eclipse.jdt.ui.CompilationUnitEditor" StartDate="2019-11-22 21:58:07.867 CST" StructureHandle="/StatsApp/src/main/java/mears/trace/stats_application/repositories/impl/MariaDBFighterRepository.java" StructureKind="resource"/><InteractionEvent Delta="null" EndDate="2019-11-22 21:57:59.266 CST" Interest="4.0" Kind="propagation" Navigation="org.eclipse.mylyn.core.model.edges.containment" OriginId="org.eclipse.mylyn.core.model.interest.propagation" StartDate="2019-11-22 21:57:54.586 CST" StructureHandle="/StatsApp/src/main/java/mears" StructureKind="resource" NumEvents="4" CreationCount="1"/><InteractionEvent Delta="null" EndDate="2019-11-22 21:58:07.868 CST" Interest="7.0" Kind="propagation" Navigation="org.eclipse.mylyn.core.model.edges.containment" OriginId="org.eclipse.mylyn.core.model.interest.propagation" StartDate="2019-11-22 21:57:54.587 CST" StructureHandle="=StatsApp" StructureKind="resource" NumEvents="7" CreationCount="1"/><InteractionEvent Delta="null" EndDate="2019-11-22 21:58:07.867 CST" Interest="1.0" Kind="selection" Navigation="null" OriginId="org.eclipse.jdt.ui.CompilationUnitEditor" StartDate="2019-11-22 21:58:07.867 CST" StructureHandle="=StatsApp/src\/main\/java&amp;lt;mears.trace.stats_application.repositories.impl{MariaDBFighterRepository.java" StructureKind="java"/></InteractionHistory>