<?xml version="1.0" encoding="UTF-8"?><TaskList Version="2.0"><Task ConnectorKind="local" RepositoryUrl="local" TaskId="4" Handle="local-4" Label="(Bug) Fix Empty favorites table" Priority="P3" Kind="task" Notes="When you open the user page for a user with no favorites, it breaks" Estimated="0" EndDate="" CreationDate="2019-11-22 21:58:35.957 -0600" ModificationDate="" DueDate="" Owner="local" Active="false" ScheduledStartDate="2019-11-17 00:00:00.0 -0600" ScheduledEndDate="2019-11-23 23:59:59.999 -0600" Reminded="false" MarkReadPending="false" NotifiedIncoming="true" offlineSyncState="SYNCHRONIZED"/><Task ConnectorKind="local" RepositoryUrl="local" TaskId="3" Handle="local-3" Label="Remove fighter on User and Table controller" Priority="P3" Kind="task" Notes="Need to finish the methods for remove mappings. Repo included" Estimated="0" EndDate="" CreationDate="2019-11-22 21:55:19.393 -0600" ModificationDate="" DueDate="" Owner="local" Active="false" ScheduledStartDate="2019-11-17 00:00:00.0 -0600" ScheduledEndDate="2019-11-23 23:59:59.999 -0600" Reminded="false" MarkReadPending="false" NotifiedIncoming="true" offlineSyncState="SYNCHRONIZED"/><Task ConnectorKind="local" RepositoryUrl="local" TaskId="2" Handle="local-2" Label="Input checking on user login" Priority="P3" Kind="task" IssueURL="" Notes="Need to create a pattern matcher to test if login credentials are a valid format" Estimated="0" EndDate="" CreationDate="2019-10-28 12:57:40.294 -0500" ModificationDate="" DueDate="" Owner="local" Active="false" ScheduledStartDate="2019-10-27 00:00:00.0 -0500" ScheduledEndDate="2019-11-02 23:59:59.999 -0500" Reminded="false" MarkReadPending="false" NotifiedIncoming="true" offlineSyncState="SYNCHRONIZED"/><TaskCategory Handle="Uncategorized" Name="Uncategorized"><TaskReference Handle="local-2"/><TaskReference Handle="local-3"/><TaskReference Handle="local-4"/></TaskCategory></TaskList>