<?xml version="1.0" encoding="UTF-8"?><InteractionHistory Id="local-4" Version="1"><InteractionEvent Delta="null" EndDate="2019-11-22 21:59:57.378 CST" Interest="2.0" Kind="propagation" Navigation="org.eclipse.mylyn.core.model.edges.containment" OriginId="org.eclipse.mylyn.core.model.interest.propagation" StartDate="2019-11-22 21:59:57.358 CST" StructureHandle="" StructureKind="java" NumEvents="2" CreationCount="1"/><InteractionEvent Delta="null" EndDate="2019-11-22 22:00:43.809 CST" Interest="2.068" Kind="propagation" Navigation="org.eclipse.mylyn.core.model.edges.containment" OriginId="org.eclipse.mylyn.core.model.interest.propagation" StartDate="2019-11-22 22:00:21.420 CST" StructureHandle="=StatsApp/src\/main\/java" StructureKind="java" NumEvents="4" CreationCount="3"/><InteractionEvent Delta="null" EndDate="2019-11-22 22:00:43.809 CST" Interest="2.0" Kind="propagation" Navigation="org.eclipse.mylyn.core.model.edges.containment" OriginId="org.eclipse.mylyn.core.model.interest.propagation" StartDate="2019-11-22 22:00:43.619 CST" StructureHandle="=StatsApp/src\/main\/java&amp;lt;mears.trace.stats_application.controllers" StructureKind="java" NumEvents="2" CreationCount="7"/><InteractionEvent Delta="null" EndDate="2019-11-22 22:00:45.196 CST" Interest="7.0" Kind="propagation" Navigation="null" OriginId="org.eclipse.jdt.ui.CompilationUnitEditor" StartDate="2019-11-22 22:00:21.420 CST" StructureHandle="/StatsApp/src/main/java" StructureKind="resource" NumEvents="7" CreationCount="3"/><InteractionEvent Delta="null" EndDate="2019-11-22 22:00:45.196 CST" Interest="3.0" Kind="propagation" Navigation="null" OriginId="org.eclipse.jdt.ui.CompilationUnitEditor" StartDate="2019-11-22 22:00:43.619 CST" StructureHandle="/StatsApp/src/main/java/mears/trace/stats_application/controllers" StructureKind="resource" NumEvents="3" CreationCount="7"/><InteractionEvent Delta="null" EndDate="2019-11-22 22:00:45.196 CST" Interest="3.068" Kind="propagation" Navigation="org.eclipse.mylyn.core.model.edges.containment" OriginId="org.eclipse.mylyn.core.model.interest.propagation" StartDate="2019-11-22 22:00:21.420 CST" StructureHandle="/StatsApp/src/main/java/mears/trace/stats_application" StructureKind="resource" NumEvents="5" CreationCount="3"/><InteractionEvent Delta="null" EndDate="2019-11-22 22:00:34.260 CST" Interest="2.0" Kind="propagation" Navigation="org.eclipse.mylyn.core.model.edges.containment" OriginId="org.eclipse.mylyn.core.model.interest.propagation" StartDate="2019-11-22 22:00:33.20 CST" StructureHandle="=StatsApp/src\/main\/java&amp;lt;mears.trace.stats_application.models" StructureKind="java" NumEvents="2" CreationCount="5"/><InteractionEvent Delta="null" EndDate="2019-11-22 22:00:21.952 CST" Interest="2.0" Kind="propagation" Navigation="org.eclipse.mylyn.core.model.edges.containment" OriginId="org.eclipse.mylyn.core.model.interest.propagation" StartDate="2019-11-22 22:00:21.420 CST" StructureHandle="/StatsApp/src/main/java/mears/trace/stats_application/repositories" StructureKind="resource" NumEvents="2" CreationCount="3"/><InteractionEvent Delta="null" EndDate="2019-11-22 22:00:21.951 CST" Interest="2.0" Kind="selection" Navigation="null" OriginId="org.eclipse.jdt.ui.CompilationUnitEditor" StartDate="2019-11-22 22:00:21.419 CST" StructureHandle="=StatsApp/src\/main\/java&amp;lt;mears.trace.stats_application.repositories.impl{MariaDBUserRepository.java" StructureKind="java" NumEvents="2" CreationCount="3"/><InteractionEvent Delta="null" EndDate="2019-11-22 22:00:34.259 CST" Interest="2.0" Kind="selection" Navigation="null" OriginId="org.eclipse.ui.navigator.ProjectExplorer" StartDate="2019-11-22 22:00:33.19 CST" StructureHandle="=StatsApp/src\/main\/java&amp;lt;mears.trace.stats_application.models{Favorite.java" StructureKind="java" NumEvents="2" CreationCount="5"/><InteractionEvent Delta="null" EndDate="2019-11-22 21:59:57.378 CST" Interest="2.0" Kind="propagation" Navigation="null" OriginId="org.eclipse.ui.navigator.ProjectExplorer" StartDate="2019-11-22 21:59:57.358 CST" StructureHandle="/CaseStudyClasses" StructureKind="resource" NumEvents="2" CreationCount="1"/><InteractionEvent Delta="null" EndDate="2019-11-22 22:00:21.952 CST" Interest="2.0" Kind="propagation" Navigation="null" OriginId="org.eclipse.jdt.ui.CompilationUnitEditor" StartDate="2019-11-22 22:00:21.420 CST" StructureHandle="/StatsApp/src/main/java/mears/trace/stats_application/repositories/impl/MariaDBUserRepository.java" StructureKind="resource" NumEvents="2" CreationCount="3"/><InteractionEvent Delta="null" EndDate="2019-11-22 22:00:45.196 CST" Interest="3.068" Kind="propagation" Navigation="org.eclipse.mylyn.core.model.edges.containment" OriginId="org.eclipse.mylyn.core.model.interest.propagation" StartDate="2019-11-22 22:00:21.420 CST" StructureHandle="/StatsApp/src/main/java/mears" StructureKind="resource" NumEvents="5" CreationCount="3"/><InteractionEvent Delta="null" EndDate="2019-11-22 22:00:45.196 CST" Interest="7.0" Kind="propagation" Navigation="org.eclipse.mylyn.core.model.edges.containment" OriginId="org.eclipse.mylyn.core.model.interest.propagation" StartDate="2019-11-22 22:00:21.420 CST" StructureHandle="=StatsApp" StructureKind="resource" NumEvents="7" CreationCount="3"/><InteractionEvent Delta="null" EndDate="2019-11-22 22:00:34.260 CST" Interest="2.0" Kind="propagation" Navigation="org.eclipse.mylyn.core.model.edges.containment" OriginId="org.eclipse.mylyn.core.model.interest.propagation" StartDate="2019-11-22 22:00:33.20 CST" StructureHandle="/StatsApp/src/main/java/mears/trace/stats_application/models" StructureKind="resource" NumEvents="2" CreationCount="5"/><InteractionEvent Delta="null" EndDate="2019-11-22 21:59:57.378 CST" Interest="2.0" Kind="selection" Navigation="null" OriginId="org.eclipse.ui.navigator.ProjectExplorer" StartDate="2019-11-22 21:59:57.358 CST" StructureHandle="=CaseStudyClasses" StructureKind="java" NumEvents="2" CreationCount="1"/><InteractionEvent Delta="null" EndDate="2019-11-22 22:00:43.808 CST" Interest="2.0" Kind="selection" Navigation="null" OriginId="org.eclipse.jdt.ui.CompilationUnitEditor" StartDate="2019-11-22 22:00:43.619 CST" StructureHandle="=StatsApp/src\/main\/java&amp;lt;mears.trace.stats_application.controllers{CredentialsController.java" StructureKind="java" NumEvents="2" CreationCount="7"/><InteractionEvent Delta="null" EndDate="2019-11-22 22:00:45.196 CST" Interest="1.0" Kind="propagation" Navigation="null" OriginId="org.eclipse.jdt.ui.CompilationUnitEditor" StartDate="2019-11-22 22:00:45.196 CST" StructureHandle="/StatsApp/src/main/java/mears/trace/stats_application/controllers/UserController.java" StructureKind="resource"/><InteractionEvent Delta="null" EndDate="2019-11-22 22:00:45.196 CST" Interest="3.068" Kind="propagation" Navigation="org.eclipse.mylyn.core.model.edges.containment" OriginId="org.eclipse.mylyn.core.model.interest.propagation" StartDate="2019-11-22 22:00:21.420 CST" StructureHandle="/StatsApp/src/main/java/mears/trace" StructureKind="resource" NumEvents="5" CreationCount="3"/><InteractionEvent Delta="null" EndDate="2019-11-22 22:00:45.196 CST" Interest="7.034" Kind="propagation" Navigation="org.eclipse.mylyn.core.model.edges.containment" OriginId="org.eclipse.mylyn.core.model.interest.propagation" StartDate="2019-11-22 21:59:57.358 CST" StructureHandle="/" StructureKind="resource" NumEvents="8" CreationCount="1"/><InteractionEvent Delta="null" EndDate="2019-11-22 22:00:21.952 CST" Interest="2.0" Kind="propagation" Navigation="org.eclipse.mylyn.core.model.edges.containment" OriginId="org.eclipse.mylyn.core.model.interest.propagation" StartDate="2019-11-22 22:00:21.420 CST" StructureHandle="/StatsApp/src/main/java/mears/trace/stats_application/repositories/impl" StructureKind="resource" NumEvents="2" CreationCount="3"/><InteractionEvent Delta="null" EndDate="2019-11-22 22:00:43.809 CST" Interest="2.0" Kind="propagation" Navigation="null" OriginId="org.eclipse.jdt.ui.CompilationUnitEditor" StartDate="2019-11-22 22:00:43.619 CST" StructureHandle="/StatsApp/src/main/java/mears/trace/stats_application/controllers/CredentialsController.java" StructureKind="resource" NumEvents="2" CreationCount="7"/><InteractionEvent Delta="null" EndDate="2019-11-22 22:00:21.952 CST" Interest="2.0" Kind="propagation" Navigation="org.eclipse.mylyn.core.model.edges.containment" OriginId="org.eclipse.mylyn.core.model.interest.propagation" StartDate="2019-11-22 22:00:21.420 CST" StructureHandle="=StatsApp/src\/main\/java&amp;lt;mears.trace.stats_application.repositories.impl" StructureKind="java" NumEvents="2" CreationCount="3"/><InteractionEvent Delta="null" EndDate="2019-11-22 22:00:45.196 CST" Interest="7.0" Kind="propagation" Navigation="org.eclipse.mylyn.core.model.edges.containment" OriginId="org.eclipse.mylyn.core.model.interest.propagation" StartDate="2019-11-22 22:00:21.420 CST" StructureHandle="/StatsApp/src/main" StructureKind="resource" NumEvents="7" CreationCount="3"/><InteractionEvent Delta="null" EndDate="2019-11-22 22:00:45.196 CST" Interest="7.0" Kind="propagation" Navigation="org.eclipse.mylyn.core.model.edges.containment" OriginId="org.eclipse.mylyn.core.model.interest.propagation" StartDate="2019-11-22 22:00:21.420 CST" StructureHandle="/StatsApp/src" StructureKind="resource" NumEvents="7" CreationCount="3"/><InteractionEvent Delta="null" EndDate="2019-11-22 22:00:34.260 CST" Interest="2.0" Kind="propagation" Navigation="null" OriginId="org.eclipse.ui.navigator.ProjectExplorer" StartDate="2019-11-22 22:00:33.20 CST" StructureHandle="/StatsApp/src/main/java/mears/trace/stats_application/models/Favorite.java" StructureKind="resource" NumEvents="2" CreationCount="5"/><InteractionEvent Delta="null" EndDate="2019-11-22 22:00:45.195 CST" Interest="1.0" Kind="selection" Navigation="null" OriginId="org.eclipse.jdt.ui.CompilationUnitEditor" StartDate="2019-11-22 22:00:45.195 CST" StructureHandle="=StatsApp/src\/main\/java&amp;lt;mears.trace.stats_application.controllers{UserController.java" StructureKind="java"/></InteractionHistory>